{"cameraMode":{"drawMode":0,"name":"Shaded","section":"Shading Mode"},"sceneLighting":false,"audioPlay":false,"sceneViewState":{"showFog":true,"showMaterialUpdate":false,"showSkybox":true,"showFlares":true,"showImageEffects":true,"showParticleSystems":true},"in2DMode":false,"pivot":{"x":0.7572128176689148,"y":0.6768396496772766,"z":0.8647388219833374},"rotation":{"x":0.09109294414520264,"y":-0.9000089168548584,"z":0.22741656005382539,"w":0.3605104386806488},"size":1.5650994777679444,"orthographic":false}