{"cameraMode":{"drawMode":0,"name":"Shaded","section":"Shading Mode"},"sceneLighting":false,"audioPlay":false,"sceneViewState":{"showFog":true,"showMaterialUpdate":false,"showSkybox":true,"showFlares":true,"showImageEffects":true,"showParticleSystems":true},"in2DMode":false,"pivot":{"x":6.900000095367432,"y":0.050000011920928958,"z":3.4000000953674318},"rotation":{"x":0.31977352499961855,"y":-0.5911090970039368,"z":0.27490586042404177,"w":0.6875767111778259},"size":2.8578836917877199,"orthographic":false}