{"cameraMode":{"drawMode":0,"name":"Shaded","section":"Shading Mode"},"sceneLighting":true,"audioPlay":false,"sceneViewState":{"showFog":true,"showMaterialUpdate":false,"showSkybox":true,"showFlares":true,"showImageEffects":true,"showParticleSystems":true},"in2DMode":false,"pivot":{"x":3.62104868888855,"y":6.281081199645996,"z":-2.520477056503296},"rotation":{"x":-0.38405144214630129,"y":0.03655674681067467,"z":-0.015234209597110749,"w":-0.9224619269371033},"size":-0.9708642363548279,"orthographic":false}