{"cameraMode":{"drawMode":0,"name":"Shaded","section":"Shading Mode"},"sceneLighting":false,"audioPlay":false,"sceneViewState":{"showFog":true,"showMaterialUpdate":false,"showSkybox":true,"showFlares":true,"showImageEffects":true,"showParticleSystems":true},"in2DMode":false,"pivot":{"x":-0.22455114126205445,"y":0.6886945366859436,"z":-0.0018659727647900582},"rotation":{"x":0.1313515305519104,"y":0.7927578687667847,"z":-0.1839471012353897,"w":0.5660788416862488},"size":1.5650994777679444,"orthographic":false}