{"cameraMode":{"drawMode":0,"name":"Shaded","section":"Shading Mode"},"sceneLighting":false,"audioPlay":false,"sceneViewState":{"showFog":true,"showMaterialUpdate":false,"showSkybox":true,"showFlares":true,"showImageEffects":true,"showParticleSystems":true},"in2DMode":false,"pivot":{"x":-0.000004887580871582031,"y":0.9216156005859375,"z":-0.02201876789331436},"rotation":{"x":0.24655833840370179,"y":-0.2528451383113861,"z":0.06680431216955185,"w":0.9331749677658081},"size":4.148590087890625,"orthographic":false}