{"cameraMode":{"drawMode":0,"name":"Shaded","section":"Shading Mode"},"sceneLighting":false,"audioPlay":false,"sceneViewState":{"showFog":true,"showMaterialUpdate":false,"showSkybox":true,"showFlares":true,"showImageEffects":true,"showParticleSystems":true},"in2DMode":false,"pivot":{"x":0.32548654079437258,"y":0.6782787442207336,"z":0.3737336993217468},"rotation":{"x":0.0736924335360527,"y":-0.9196396470069885,"z":0.20905393362045289,"w":0.32423582673072817},"size":2.8578836917877199,"orthographic":false}