{"cameraMode":{"drawMode":0,"name":"Shaded","section":"Shading Mode"},"sceneLighting":false,"audioPlay":false,"sceneViewState":{"showFog":true,"showMaterialUpdate":false,"showSkybox":true,"showFlares":true,"showImageEffects":true,"showParticleSystems":true},"in2DMode":false,"pivot":{"x":0.14353764057159425,"y":3.236422538757324,"z":-1.289700984954834},"rotation":{"x":-0.45458245277404787,"y":0.043265439569950107,"z":-0.022128915414214135,"w":-0.889378011226654},"size":3.167661666870117,"orthographic":false}