{"cameraMode":{"drawMode":0,"name":"Shaded","section":"Shading Mode"},"sceneLighting":false,"audioPlay":false,"sceneViewState":{"showFog":true,"showMaterialUpdate":false,"showSkybox":true,"showFlares":true,"showImageEffects":true,"showParticleSystems":true},"in2DMode":false,"pivot":{"x":0.6008555889129639,"y":0.5591471195220947,"z":2.0336499214172365},"rotation":{"x":0.23109392821788789,"y":0.4655373990535736,"z":-0.12733450531959535,"w":0.8447819352149963},"size":2.8578836917877199,"orthographic":false}