{"cameraMode":{"drawMode":0,"name":"Shaded","section":"Shading Mode"},"sceneLighting":false,"audioPlay":false,"sceneViewState":{"showFog":true,"showMaterialUpdate":false,"showSkybox":true,"showFlares":true,"showImageEffects":true,"showParticleSystems":true},"in2DMode":false,"pivot":{"x":220.76275634765626,"y":251.4364471435547,"z":16.9792537689209},"rotation":{"x":-0.19944360852241517,"y":-0.13707703351974488,"z":0.028187774121761323,"w":-0.9698647260665894},"size":465.5174560546875,"orthographic":false}