{"cameraMode":{"drawMode":0,"name":"Shaded","section":"Shading Mode"},"sceneLighting":false,"audioPlay":false,"sceneViewState":{"showFog":true,"showMaterialUpdate":false,"showSkybox":true,"showFlares":true,"showImageEffects":true,"showParticleSystems":true},"in2DMode":false,"pivot":{"x":7.172708511352539,"y":-0.15359270572662354,"z":9.446601867675782},"rotation":{"x":-0.0904022827744484,"y":0.6975690722465515,"z":-0.0894286185503006,"w":-0.7051435708999634},"size":1.8532437086105347,"orthographic":false}