{"cameraMode":{"drawMode":0,"name":"Shaded","section":"Shading Mode"},"sceneLighting":false,"audioPlay":false,"sceneViewState":{"showFog":true,"showMaterialUpdate":false,"showSkybox":true,"showFlares":true,"showImageEffects":true,"showParticleSystems":true},"in2DMode":false,"pivot":{"x":-0.17167901992797852,"y":0.5011135339736939,"z":0.7196319103240967},"rotation":{"x":0.0972275584936142,"y":-0.8809281587600708,"z":0.2066338211297989,"w":0.41450557112693789},"size":3.7442922592163088,"orthographic":false}