{"cameraMode":{"drawMode":0,"name":"Shaded","section":"Shading Mode"},"sceneLighting":false,"audioPlay":false,"sceneViewState":{"showFog":true,"showMaterialUpdate":false,"showSkybox":true,"showFlares":true,"showImageEffects":true,"showParticleSystems":true},"in2DMode":false,"pivot":{"x":1.7147839069366456,"y":0.9513156414031982,"z":0.09545601904392243},"rotation":{"x":-0.19687896966934205,"y":-0.6863469481468201,"z":0.20153829455375672,"w":-0.6704840660095215},"size":5.767082691192627,"orthographic":false}