{"cameraMode":{"drawMode":0,"name":"Shaded","section":"Shading Mode"},"sceneLighting":false,"audioPlay":false,"sceneViewState":{"showFog":true,"showMaterialUpdate":false,"showSkybox":true,"showFlares":true,"showImageEffects":true,"showParticleSystems":true},"in2DMode":false,"pivot":{"x":3.559197187423706,"y":0.8657512664794922,"z":2.0587384700775148},"rotation":{"x":0.3284456431865692,"y":0.5710928440093994,"z":-0.26663729548454287,"w":0.7034777998924255},"size":2.8578836917877199,"orthographic":false}