{"cameraMode":{"drawMode":0,"name":"Shaded","section":"Shading Mode"},"sceneLighting":false,"audioPlay":false,"sceneViewState":{"showFog":true,"showMaterialUpdate":false,"showSkybox":true,"showFlares":true,"showImageEffects":true,"showParticleSystems":true},"in2DMode":false,"pivot":{"x":-0.8253345489501953,"y":-1.4034972190856934,"z":2.6917948722839357},"rotation":{"x":0.29124078154563906,"y":-0.5307142734527588,"z":0.20069317519664765,"w":0.7702229619026184},"size":5.242116451263428,"orthographic":false}