{"cameraMode":{"drawMode":0,"name":"Shaded","section":"Shading Mode"},"sceneLighting":false,"audioPlay":false,"sceneViewState":{"showFog":true,"showMaterialUpdate":false,"showSkybox":true,"showFlares":true,"showImageEffects":true,"showParticleSystems":true},"in2DMode":false,"pivot":{"x":-0.3072293996810913,"y":2.028416395187378,"z":-2.799705743789673},"rotation":{"x":0.1760733425617218,"y":0.01590963825583458,"z":-0.0028339566197246315,"w":0.9842444062232971},"size":4.359430313110352,"orthographic":false}