{"cameraMode":{"drawMode":0,"name":"Shaded","section":"Shading Mode"},"sceneLighting":false,"audioPlay":false,"sceneViewState":{"showFog":true,"showMaterialUpdate":false,"showSkybox":true,"showFlares":true,"showImageEffects":true,"showParticleSystems":true},"in2DMode":false,"pivot":{"x":0.8017457127571106,"y":0.6643946766853333,"z":2.439293622970581},"rotation":{"x":0.06455837935209274,"y":0.15503697097301484,"z":-0.010153420269489289,"w":0.9857447743415833},"size":3.7442922592163088,"orthographic":false}