{"cameraMode":{"drawMode":0,"name":"Shaded","section":"Shading Mode"},"sceneLighting":false,"audioPlay":false,"sceneViewState":{"showFog":true,"showMaterialUpdate":false,"showSkybox":true,"showFlares":true,"showImageEffects":true,"showParticleSystems":true},"in2DMode":false,"pivot":{"x":11.229206085205079,"y":3.224576950073242,"z":8.444425582885743},"rotation":{"x":0.40925440192222597,"y":0.11717938631772995,"z":-0.05308946594595909,"w":0.9033058285713196},"size":19.6812744140625,"orthographic":false}