{"cameraMode":{"drawMode":0,"name":"Shaded","section":"Shading Mode"},"sceneLighting":false,"audioPlay":false,"sceneViewState":{"showFog":true,"showMaterialUpdate":false,"showSkybox":true,"showFlares":true,"showImageEffects":true,"showParticleSystems":true},"in2DMode":false,"pivot":{"x":0.35056188702583315,"y":0.5763828754425049,"z":0.5706258416175842},"rotation":{"x":0.06808899343013764,"y":-0.8976590037345886,"z":0.14949528872966767,"w":0.4089296758174896},"size":2.8578836917877199,"orthographic":false}