{"cameraMode":{"drawMode":0,"name":"Shaded","section":"Shading Mode"},"sceneLighting":false,"audioPlay":false,"sceneViewState":{"showFog":true,"showMaterialUpdate":false,"showSkybox":true,"showFlares":true,"showImageEffects":true,"showParticleSystems":true},"in2DMode":false,"pivot":{"x":8.643221855163575,"y":1.2405612468719483,"z":4.043905735015869},"rotation":{"x":0.31977352499961855,"y":-0.5911090970039368,"z":0.27490586042404177,"w":0.6875767111778259},"size":2.8578836917877199,"orthographic":false}