{"cameraMode":{"drawMode":0,"name":"Shaded","section":"Shading Mode"},"sceneLighting":false,"audioPlay":false,"sceneViewState":{"showFog":true,"showMaterialUpdate":false,"showSkybox":true,"showFlares":true,"showImageEffects":true,"showParticleSystems":true},"in2DMode":false,"pivot":{"x":7.727137565612793,"y":0.37287378311157229,"z":10.42002010345459},"rotation":{"x":-0.16218742728233338,"y":-0.009458353742957116,"z":0.0015559735475108028,"w":-0.9867134094238281},"size":3.108412981033325,"orthographic":false}