{"cameraMode":{"drawMode":0,"name":"Shaded","section":"Shading Mode"},"sceneLighting":true,"audioPlay":false,"sceneViewState":{"showFog":true,"showMaterialUpdate":false,"showSkybox":true,"showFlares":true,"showImageEffects":true,"showParticleSystems":true},"in2DMode":false,"pivot":{"x":3.37396240234375,"y":-100.61075592041016,"z":329.72381591796877},"rotation":{"x":0.17134641110897065,"y":-0.15213549137115479,"z":0.026790499687194825,"w":0.9730249643325806},"size":306.4753723144531,"orthographic":false}